sample_id,revision,phase,container,video_codec,resolution,source_mbps,video_action,audio_action,status,latency_ms,unpaced_multiple,completion_multiple,advanced_s,waiting,frozen_s,min_buffer_s,median_buffer_s,end_buffer_s,dropped_frames,frames,paused_s,smooth,session_creations,session_api_ms,seek_api_ms
M01,origin,start,matroska,av1,1920x800,7.0596374904580275,copy · fmp4 segments,opus copy,failed,,,,,,,,,,,,,False,1,336,
M01,origin,seek75,matroska,av1,1920x800,7.0596374904580275,copy · fmp4 segments,opus copy,failed,,,,,,,,,,,,,False,1,217,1
M01,head,start,matroska,av1,1920x800,7.0596374904580275,copy · fmp4 segments,opus copy,failed,,,,,,,,,,,,,False,1,337,
M01,head,seek75,matroska,av1,1920x800,7.0596374904580275,copy · fmp4 segments,opus copy,failed,,,,,,,,,,,,,False,1,319,1
M03,origin,start,matroska,h264,1920x1080,25.39174726691998,h264 copy · fmp4 segments,copy,played,564.39990234375,29.08,,119.954689,0,0.0,11.940071,55.793746,46.86538200000001,0,2877,0,True,1,220,
M03,origin,seek75,matroska,h264,1920x1080,25.39174726691998,h264 copy · fmp4 segments,copy,played,970.89990234375,29.73,,119.957651,0,0.0,1.9564409999999999,33.787988999999996,33.721435000000014,0,2877,0,True,0,,821
M03,head,start,matroska,h264,1920x1080,25.39174726691998,h264 copy · fmp4 segments,copy,played,575.5,34.61,,119.96055,0,0.0,15.935645,55.784217,46.84476200000002,0,2876,0,True,1,230,
M03,head,seek75,matroska,h264,1920x1080,25.39174726691998,h264 copy · fmp4 segments,copy,played,1070.2998046875,34.8,,119.958871,0,0.0,1.967879,34.802614000000005,34.67034099999999,0,2876,0,True,0,,928
M05,origin,start,matroska,h264,1920x1080,27.383733834752903,h264 copy,dts → aac (transcoded) · 5.1 → stereo · loudness +5.86 dB,played,640.199951171875,24,,119.955869,0,0.0,9.58725,42.27593600000001,35.360708999999986,0,2875,0,True,1,335,
M05,origin,seek75,matroska,h264,1920x1080,27.383733834752903,h264 copy,dts → aac (transcoded) · 5.1 → stereo · loudness +5.86 dB,played,863.39990234375,26.41,,119.956086,0,0.0,5.624612,40.918912000000006,40.23540800000001,0,2873,0,True,0,,764
M05,head,start,matroska,h264,1920x1080,27.383733834752903,h264 copy,dts → aac (transcoded) · 5.1 → stereo · loudness +5.86 dB,played,724.5,30.72,,119.964829,0,0.0,9.574755,42.259094000000005,35.33866499999999,0,2875,0,True,1,436,
M05,head,seek75,matroska,h264,1920x1080,27.383733834752903,h264 copy,dts → aac (transcoded) · 5.1 → stereo · loudness +5.86 dB,played,1009.60009765625,30.41,,119.956461,0,0.0,7.461943,41.111574000000005,41.74515799999999,0,2876,0,True,0,,810
M08,origin,start,matroska,hevc,3840x2160,57.4564856547124,hevc copy · fmp4 segments,truehd → aac (transcoded) · 7.1 → 5.1 · loudness +0.04 dB,played,1097.2998046875,13.62,,119.84107499999999,10,0.0,0.17143599999999992,14.787628999999995,14.787628999999995,5,2509,0,False,1,739,
M08,origin,seek75,matroska,hevc,3840x2160,57.4564856547124,hevc copy · fmp4 segments,truehd → aac (transcoded) · 7.1 → 5.1 · loudness +0.04 dB,played,1472.7998046875,13.29,,119.901325,4,0.0,0.13641600000000054,17.482405000000007,17.140676,2,2734,0,False,0,,1427
M08,head,start,matroska,hevc,3840x2160,57.4564856547124,hevc copy · fmp4 segments,truehd → aac (transcoded) · 7.1 → 5.1 · loudness +0.04 dB,played,1197.699951171875,15.72,,119.924568,10,0.0,0.20665400000000034,14.70199199999999,14.70199199999999,5,2512,0,False,1,845,
M08,head,seek75,matroska,hevc,3840x2160,57.4564856547124,hevc copy · fmp4 segments,truehd → aac (transcoded) · 7.1 → 5.1 · loudness +0.04 dB,played,1589.099853515625,15.62,,119.891871,4,0.0,0.15893799999999914,17.51063400000001,17.150767000000002,2,2734,0,False,0,,1431
M10,origin,start,video/x-msvideo,mpeg4part2,1280x688,4.2579945293718655,mpeg4part2 → h264 (transcoded),ac3 → aac (transcoded) · 5.1 → stereo · loudness +4.02 dB,played,1173.39990234375,21.72,,119.95748999999999,0,0.0,0,60.93532499999999,60.37177100000001,0,2873,0,True,1,838,
M10,origin,seek75,video/x-msvideo,mpeg4part2,1280x688,4.2579945293718655,mpeg4part2 → h264 (transcoded),ac3 → aac (transcoded) · 5.1 → stereo · loudness +4.02 dB,played,1319.5,21.69,,119.95776500000001,0,0.0,0,60.92306300000001,60.3702,0,2872,0,True,0,,1285
M10,head,start,video/x-msvideo,mpeg4part2,1280x688,4.2579945293718655,mpeg4part2 → h264 (transcoded),ac3 → aac (transcoded) · 5.1 → stereo · loudness +4.02 dB,played,1264.39990234375,21.83,,119.959781,0,0.0,6.930777000000001,60.923981999999995,60.10377,0,2877,0,True,1,945,
M10,head,seek75,video/x-msvideo,mpeg4part2,1280x688,4.2579945293718655,mpeg4part2 → h264 (transcoded),ac3 → aac (transcoded) · 5.1 → stereo · loudness +4.02 dB,played,1103.2998046875,21.77,,119.956948,0,0.0,0,60.883657,60.49907499999999,0,2869,0,True,0,,1068
M13,origin,start,webm,vp9,1920x1080,2.709319136574159,copy · fmp4 segments,opus copy,played,440.7998046875,285.54,,119.953327,0,0.0,20.382679000000003,62.03251399999999,64.16686800000001,0,2877,0,True,1,120,
M13,origin,seek75,webm,vp9,1920x1080,2.709319136574159,copy · fmp4 segments,opus copy,played,3570.099853515625,,260.56756759503656,120.004573,0,0.0,60.034491,62.269453999999996,60.948507000000006,0,2876,0,True,0,,371
M13,head,start,webm,vp9,1920x1080,2.709319136574159,copy · fmp4 segments,opus copy,played,756.699951171875,331.26,,119.96154399999999,0,0.0,56.328885,62.04041099999999,64.16815100000001,0,2876,0,True,1,431,
M13,head,seek75,webm,vp9,1920x1080,2.709319136574159,copy · fmp4 segments,opus copy,played,3680.60009765625,,271.0485069222352,120.007463,0,0.0,60.036284,62.259609,60.942555999999996,0,2878,0,True,0,,466
I01,origin,start,video/x-msvideo,mpeg4part2,720x304,2.4229806366724924,mpeg4part2 → h264 (transcoded),ac3 → aac (transcoded) · loudness -5.03 dB,played,1274.7001953125,61.26,,119.95929699999999,0,0.0,0,60.94519300000002,60.38465900000001,0,2872,0,True,1,950,
I01,origin,seek75,video/x-msvideo,mpeg4part2,720x304,2.4229806366724924,mpeg4part2 → h264 (transcoded),ac3 → aac (transcoded) · loudness -5.03 dB,played,810.900146484375,61.2,,119.956401,0,0.0,0,60.658419,60.78282299999999,0,2862,0,True,0,,783
I01,head,start,video/x-msvideo,mpeg4part2,720x304,2.4229806366724924,mpeg4part2 → h264 (transcoded),ac3 → aac (transcoded) · loudness -5.03 dB,played,958.199951171875,61.5,,119.96099,0,0.0,0,61.241388,61.160073999999994,12,2776,0,True,1,636,
I01,head,seek75,video/x-msvideo,mpeg4part2,720x304,2.4229806366724924,mpeg4part2 → h264 (transcoded),ac3 → aac (transcoded) · loudness -5.03 dB,played,995.699951171875,61.33,,119.960818,0,0.0,12.488001,61.262981,61.567408999999984,0,2877,0,True,0,,768
I02,origin,start,mp4,h264,1920x800,1.781479528842722,h264 copy,aac copy,played,956.199951171875,47.96,,119.954751,0,0.0,15.972659,62.94121399999999,67.308192,0,2874,0,True,1,634,
I02,origin,seek75,mp4,h264,1920x800,1.781479528842722,h264 copy,aac copy,played,3103,47.86,,120.005758,0,0.0,59.972488,60.90386900000001,60.03480099999999,0,2877,0,True,0,,1784
I02,head,start,mp4,h264,1920x800,1.781479528842722,h264 copy,aac copy,played,1274.699951171875,347.77,,119.960651,0,0.0,51.464164,62.93632199999999,67.307286,0,2874,0,True,1,945,
I02,head,seek75,mp4,h264,1920x800,1.781479528842722,h264 copy,aac copy,played,2281.5,244.71,,120.001407,0,0.0,29.983577,60.904915,61.71721400000001,0,2876,0,True,0,,668
M08T,origin,start,matroska,hevc,3840x2160,57.4564856547124,hevc → h264 (transcoded) · hdr10 → sdr (tone-mapped),truehd → aac (transcoded) · 7.1 → 5.1 · loudness +0.04 dB,played,6644.599853515625,1.97,,119.958035,0,0.0,6.932008999999999,60.45206400000001,60.10389500000001,0,2877,0,True,1,6094,
M08T,origin,seek75,matroska,hevc,3840x2160,57.4564856547124,hevc → h264 (transcoded) · hdr10 → sdr (tone-mapped),truehd → aac (transcoded) · 7.1 → 5.1 · loudness +0.04 dB,played,7524.89990234375,1.63,,119.961489,0,0.0,0,44.96757900000001,60.371768,0,2873,0,True,0,,7438
M08T,head,start,matroska,hevc,3840x2160,57.4564856547124,hevc → h264 (transcoded) · hdr10 → sdr (tone-mapped),truehd → aac (transcoded) · 7.1 → 5.1 · loudness +0.04 dB,played,4873.900146484375,2.68,,119.957637,0,0.0,0,60.116578,60.376215,0,2872,0,True,1,4507,
M08T,head,seek75,matroska,hevc,3840x2160,57.4564856547124,hevc → h264 (transcoded) · hdr10 → sdr (tone-mapped),truehd → aac (transcoded) · 7.1 → 5.1 · loudness +0.04 dB,played,6342.199951171875,1.88,,119.958369,0,0.0,0,56.983253999999995,60.37858800000001,0,2872,0,True,0,,6279
