sample_id,revision,phase,container,video_codec,profile,resolution,hdr,audio,channels,source_mbps,video_action,audio_action,status,latency_ms,unpaced_multiple,completion_multiple,advanced_s,waiting,frozen_s,min_buffer_s,median_buffer_s,end_buffer_s,dropped_frames,frames,worker_peak_rss_mib,hub_peak_rss_mib,worker_errors,worker_peak_hwm_mib,hub_observed_cpu_percent,worker_observed_cpu_percent,source_received_bytes_cumulative,source_received_bytes,source_demand_wait_ms,paused_s,smooth,browser_media_errors,dropped_percent,browser_playback_http_bytes,session_creations,session_api_ms,seek_api_ms,playback_http_errors
M01,origin,start,matroska,av1,main,1920x800,,opus,6,7.06,copy · fmp4 segments,opus copy,failed,,,,,,,,,,,,,,,,,,,,,,False,,,107692141,1,1058,,1
M01,origin,seek75,matroska,av1,main,1920x800,,opus,6,7.06,copy · fmp4 segments,opus copy,failed,,,,,,,,,,,,,,,,,,,,,,False,,,107692701,1,1023,2,3
M01,head,start,matroska,av1,main,1920x800,,opus,6,7.06,copy · fmp4 segments,opus copy,failed,,,,,,,,,,,,,,,,,,,,,,False,,,107692148,1,1261,,1
M01,head,seek75,matroska,av1,main,1920x800,,opus,6,7.06,copy · fmp4 segments,opus copy,failed,,,,,,,,,,,,,,,,,,,,,,False,,,107692708,1,1637,2,3
M02,origin,start,mp4,h264,high,1920x804,,ac3,6,8.502,h264 copy,ac3 → aac (transcoded),played,2653,2.46,,119.981774,0,0.0,2.491085,62.31394499999999,62.31394499999999,0,2875,120.76953125,745.48828125,,120.76953125,1.1724744383330175,4.008828042829802,,,,0,True,,0.0,175388851,1,2364,,0
M02,origin,seek75,mp4,h264,high,1920x804,,ac3,6,8.502,h264 copy,ac3 → aac (transcoded),played,19792.699951171875,1.68,,119.958679,0,0.0,9.498951,53.239039000000005,68.261289,0,2875,128.44140625,756.82421875,,128.44140625,1.3190678587131761,4.207222974196274,,,,0,True,,0.0,199168281,0,,19570,0
M02,head,start,mp4,h264,high,1920x804,,ac3,6,8.502,h264 copy,ac3 → aac (transcoded),played,2066.2998046875,17.51,,119.97990999999999,0,0.0,2.4902320000000002,63.474248,62.314955999999995,0,2876,184.69921875,783.58203125,,184.69921875,3.0088541352346305,19.423920821443044,1105723627,1105723627,54333.299,0,True,,0.0,175602665,1,1764,,0
M02,head,seek75,mp4,h264,high,1920x804,,ac3,6,8.502,h264 copy,ac3 → aac (transcoded),played,5755.199951171875,16.44,,119.959995,0,0.0,9.498902000000001,64.29445000000001,68.258407,0,2875,196.66796875,792.9921875,,196.66796875,3.0087503771714297,20.21638863744127,2303459798,1197736171,61848.4,0,True,,0.0,199381848,0,,5530,0
M03,origin,start,matroska,h264,high,1920x1080,,flac,2,25.392,h264 copy · fmp4 segments,copy,played,4894.89990234375,0.9,,98.061862,8,15.1828994140625,0.04224499999999409,2.7132530000000017,1.0089499999999987,2,2353,70.02734375,767.71875,,70.02734375,1.413890613145734,0.3103662321539416,,,,0,False,,0.08499787505312367,232076516,1,4597,,0
M03,origin,seek75,matroska,h264,high,1920x1080,,flac,2,25.392,h264 copy · fmp4 segments,copy,played,53064.699951171875,0.39,,57.046479000000005,11,54.4262998046875,0.042605999999999256,1.6178530000000038,1.1519469999999998,6,1372,82.31640625,777.125,,82.31640625,1.4483632633003716,0.250015087117326,,,,0,False,,0.43731778425655976,256150966,1,27528,25436,5
M03,head,start,matroska,h264,high,1920x1080,,flac,2,25.392,h264 copy · fmp4 segments,copy,played,1022.2001953125,3.99,,119.954861,0,0.0,5.967363000000001,55.56458899999999,46.86616900000001,0,2877,60.95703125,744.1875,,60.95703125,2.6468483536948106,1.2673834136584274,835060096,835060096,119823.079,0,True,,0.0,492458386,1,747,,0
M03,head,seek75,matroska,h264,high,1920x1080,,flac,2,25.392,h264 copy · fmp4 segments,copy,played,4922.10009765625,4.94,,119.9383,0,0.0,1.9519749999999998,35.642617,35.69898699999999,0,2876,62.0546875,758.234375,,62.29296875,4.896762791499633,3.3277296435191173,3070231296,2235171200,122418.087,0,True,,0.0,608778309,0,,4851,0
M04,origin,start,matroska,hevc,main-10,1920x804,hdr10,eac3,6,8.123,hevc → h264 (transcoded) · hdr10 → sdr (tone-mapped),eac3 → aac (transcoded),played,2310.900146484375,18.32,,119.970588,0,0.0,5.985068,60.93929800000001,60.18848,0,2877,893.8515625,693.8203125,,894.59765625,1.8018950072851734,85.68053867177059,,,,0,True,,0.0,152000003,1,1992,,0
M04,origin,seek75,matroska,hevc,main-10,1920x804,hdr10,eac3,6,8.123,hevc → h264 (transcoded) · hdr10 → sdr (tone-mapped),eac3 → aac (transcoded),played,9070.7001953125,3.86,,120.00115,0,0.0,59.95532399999999,60.957708,61.609168999999994,0,2877,757.6875,693.8515625,,775.58984375,1.172504763300601,14.80287263667009,,,,0,True,,0.0,153248963,0,,2405,0
M04,head,start,matroska,hevc,main-10,1920x804,hdr10,eac3,6,8.123,hevc → h264 (transcoded) · hdr10 → sdr (tone-mapped),eac3 → aac (transcoded),played,3006.5,8.3,,119.95990699999999,0,0.0,4.247704,60.93800400000001,60.21279700000001,0,2877,905.56640625,759.12890625,,905.56640625,2.026421081677704,52.80767108167771,496603913,496603913,111838.17,0,True,,0.0,150018528,1,2697,,0
M04,head,seek75,matroska,hevc,main-10,1920x804,hdr10,eac3,6,8.123,hevc → h264 (transcoded) · hdr10 → sdr (tone-mapped),eac3 → aac (transcoded),played,10831.60009765625,14.81,,120.002251,0,0.0,59.92346500000001,60.926349,61.62137699999998,0,2877,796.171875,770.15625,,796.171875,3.2414910858995136,74.71809372736992,1773872658,1277268745,62686.684,0,True,,0.0,153787323,0,,4072,0
M05,origin,start,matroska,h264,high,1920x1080,,dts,6,27.384,h264 copy,dts → aac (transcoded),played,4078.599853515625,1.13,,91.85664200000001,8,21.002800048828124,0.022950999999999055,3.1282409999999885,1.525002999999998,40,2207,112.875,704.671875,,112.875,1.2069485753696279,3.276003276003276,,,,0,False,,1.8124150430448573,199548722,1,3788,,0
M05,origin,seek75,matroska,h264,high,1920x1080,,dts,6,27.384,h264 copy,dts → aac (transcoded),played,20615.599853515625,0.49,,60.690819999999995,15,43.31559936523438,0.022361000000000075,1.6923050000000046,2.1117670000000004,74,1459,113.0546875,710.90625,,113.0546875,1.422475106685633,2.741497478339584,,,,0,False,,5.071967100753941,228229897,0,,20343,0
M05,head,start,matroska,h264,high,1920x1080,,dts,6,27.384,h264 copy,dts → aac (transcoded),played,1753.699951171875,3.35,,119.960102,0,0.0,8.083067,36.89799000000001,36.85592799999999,0,2865,101.74609375,743.4609375,,101.74609375,3.474377543278847,18.35471411821505,1287717292,1287717292,119774.937,0,True,,0.0,735573970,1,1466,,0
M05,head,seek75,matroska,h264,high,1920x1080,,dts,6,27.384,h264 copy,dts → aac (transcoded),played,20969.5,0.47,,60.691263,15,45.3471005859375,0.022358000000000544,1.6923110000000037,2.1038129999999953,74,1459,110.0,761.9140625,,110.0,1.4742268930021638,2.905347736501341,1570898776,283181484,140460.008,0,False,,5.071967100753941,228229122,0,,20726,0
M06,origin,start,video/x-msvideo,video/x-msmpeg,,720x400,,mp3,2,1.205,video/x-msmpeg → h264 (transcoded),mp3 copy,played,1451.60009765625,34.7,,119.958164,0,0.0,4.310219,60.872669,60.032055,0,3000,457.89453125,738.44921875,,457.89453125,1.0691037634176832,11.665301547613915,,,,0,True,,0.0,105315890,1,1168,,0
M06,origin,seek75,video/x-msvideo,video/x-msmpeg,,720x400,,mp3,2,1.205,video/x-msmpeg → h264 (transcoded),mp3 copy,played,2141.800048828125,80.09,,119.964332,0,0.0,4.2001599999999994,60.940559,60.035827999999995,0,2999,434.86328125,739.76953125,,434.86328125,0.4052248135534767,12.277449670215976,,,,0,True,,0.0,116920371,0,,2109,0
M06,head,start,video/x-msvideo,video/x-msmpeg,,720x400,,mp3,2,1.205,video/x-msmpeg → h264 (transcoded),mp3 copy,played,3274.099853515625,66.53,,119.959974,0,0.0,4.432703,60.886624,60.032729,0,2999,445.8125,771.66015625,,445.8125,1.2931703363967102,12.914461092815147,253171624,253171624,18915.225,0,True,,0.0,105150651,1,2976,,0
M06,head,seek75,video/x-msvideo,video/x-msmpeg,,720x400,,mp3,2,1.205,video/x-msmpeg → h264 (transcoded),mp3 copy,played,3643.89990234375,55.67,,119.96496,0,0.0,4.183973,60.910866999999996,60.019013,0,3000,427.41796875,785.30859375,,427.41796875,1.250096990283729,15.561552189394007,494367806,241196182,20639.08,0,True,,0.0,116905902,0,,3520,0
M07,origin,start,mp4,h264,high,1280x720,,aac,2,0.969,h264 copy,aac copy,played,1563.39990234375,85.13,,119.959572,0,0.0,26.217651,62.93958000000001,61.66370300000001,2,2806,237.578125,742.25390625,,237.578125,0.43106421132491896,1.6639078557141869,,,,0,True,,0.07127583749109052,29617657,1,1253,,0
M07,origin,seek75,mp4,h264,high,1280x720,,aac,2,0.969,h264 copy,aac copy,played,1213.199951171875,99.37,,119.959167,0,0.0,13.29736,63.51544099999998,62.50719400000001,0,2856,177.06640625,744.48046875,,177.06640625,0.33622718612330055,1.646651091014113,,,,0,True,,0.0,21023071,0,,1070,0
M07,head,start,mp4,h264,high,1280x720,,aac,2,0.969,h264 copy,aac copy,played,2372.10009765625,84.35,,119.958928,0,0.0,26.223597,62.941219000000004,61.670415000000006,2,2806,151.6796875,774.12109375,,151.6796875,1.2673397073910906,2.9226405496978214,221249755,221249755,16587.837,0,True,,0.07127583749109052,29616753,1,2062,,0
M07,head,seek75,mp4,h264,high,1280x720,,aac,2,0.969,h264 copy,aac copy,played,2529.5,81.42,,119.957325,0,0.0,20.552255000000002,63.51022999999999,62.50667600000001,0,2856,131.09375,788.83984375,,131.09375,1.1207669494447892,3.1984964480308986,404592246,183342491,15670.901,0,True,,0.0,21013202,0,,2482,0
M08,origin,start,matroska,hevc,main-10,3840x2160,hdr10,truehd,8,57.456,hevc → h264 (transcoded) · hdr10 → sdr (tone-mapped),truehd → aac (transcoded) · 7.1 → 5.1 · loudness +0.04 dB,played,4888.300048828125,1.81,,119.95884099999999,0,0.0,6.359821,47.528883,60.198980000000006,0,2877,1074.94140625,738.1484375,,1076.2734375,3.7849721946803463,52.23951373022374,,,,0,True,,0.0,142783638,1,4508,,0
M08,origin,seek75,matroska,hevc,main-10,3840x2160,hdr10,truehd,8,57.456,hevc → h264 (transcoded) · hdr10 → sdr (tone-mapped),truehd → aac (transcoded) · 7.1 → 5.1 · loudness +0.04 dB,played,10984,1.27,,119.958627,0,0.0,4.235136,23.469376999999994,46.188508999999996,0,2877,1072.1875,741.265625,,1072.1875,3.5691501284549196,45.985137162267016,,,,0,True,,0.0,160877457,0,,10793,0
M08,head,start,matroska,hevc,main-10,3840x2160,hdr10,truehd,8,57.456,hevc → h264 (transcoded) · hdr10 → sdr (tone-mapped) · predicted 0.6x realtime — may stall,truehd → aac (transcoded) · 7.1 → 5.1 · loudness +0.04 dB,played,5817.699951171875,1.82,,119.963138,0,0.0,6.362807,48.398712,60.197669000000005,0,2877,1066.109375,789.02734375,,1067.4375,4.552273550256065,52.92880175193557,1344363702,1344363702,120469.899,0,True,,0.0,142783639,1,5436,,0
M08,head,seek75,matroska,hevc,main-10,3840x2160,hdr10,truehd,8,57.456,hevc → h264 (transcoded) · hdr10 → sdr (tone-mapped) · predicted 0.6x realtime — may stall,truehd → aac (transcoded) · 7.1 → 5.1 · loudness +0.04 dB,played,51194.900146484375,1.18,,82.03038799999999,5,35.103399658203124,0.024969999999996162,8.41619,2.038297,65,1972,1063.1328125,789.87109375,,1063.1328125,2.931211366203133,20.440888674316554,2151159330,806795628,155662.585,0,False,,3.2961460446247464,83613058,1,8831,42126,6
M09,origin,start,matroska,av1,main,1920x960,,eac3,6,3.222,copy · fmp4 segments,eac3 → aac (transcoded),played,1050.89990234375,44.11,,119.958402,0,0.0,8.700345,63.76674,62.373377000000005,0,2880,249.359375,747.296875,,249.359375,0.7673670687440184,10.708650554832259,,,,0,True,,0.0,31943250,1,755,,0
M09,origin,seek75,matroska,av1,main,1920x960,,eac3,6,3.222,copy · fmp4 segments,eac3 → aac (transcoded),played,1393,24.95,,119.959778,0,0.0,5.613589,63.353261,64.661348,0,2880,255.09765625,747.30078125,,255.09765625,1.0864129403852456,11.579782372518926,,,,0,True,,0.0,61030237,0,,1276,0
M09,head,start,matroska,av1,main,1920x960,,eac3,6,3.222,copy · fmp4 segments,eac3 → aac (transcoded),played,1689.5,19.4,,119.960563,0,0.0,8.700225,63.736048999999994,62.37117300000001,0,2880,220.11328125,773.85546875,,220.11328125,1.672788728508114,9.864279924810733,330550544,330550544,96632.385,0,True,,0.0,31919416,1,1395,,0
M09,head,seek75,matroska,av1,main,1920x960,,eac3,6,3.222,copy · fmp4 segments,eac3 → aac (transcoded),played,2078,30.4,,119.958132,0,0.0,5.616779,63.354462,64.66592,0,2880,214.734375,793.7890625,,214.734375,1.86219739292365,11.871508379888267,847223328,516672784,80149.377,0,True,,0.0,61056713,0,,1976,0
M10,origin,start,video/x-msvideo,mpeg4part2,advanced-simple,1280x688,,ac3,6,4.258,mpeg4part2 → h264 (transcoded),ac3 → aac (transcoded),played,1450.800048828125,5.95,,119.963624,0,0.0,4.150108,60.948503,60.195661000000015,0,2877,425.27734375,767.45703125,,425.27734375,1.4657699603379892,19.779272288325576,,,,0,True,,0.0,147696366,1,1158,,0
M10,origin,seek75,video/x-msvideo,mpeg4part2,advanced-simple,1280x688,,ac3,6,4.258,mpeg4part2 → h264 (transcoded),ac3 → aac (transcoded),played,56330.800048828125,2.47,,119.965775,0,0.0,4.239278,60.397779000000014,60.199258,0,2877,423.25,773.1484375,,423.25,1.431133181598731,14.035450720739362,,,,0,True,,0.0,156030508,1,28297,27951,5
M10,head,start,video/x-msvideo,mpeg4part2,advanced-simple,1280x688,,ac3,6,4.258,mpeg4part2 → h264 (transcoded),ac3 → aac (transcoded),played,2369,28.37,,119.961429,0,0.0,4.275086,60.943359,60.19770100000001,0,2877,497.78515625,811.16796875,,497.78515625,1.8623579520960152,39.37679984825231,573504634,573504634,36844.679,0,True,,0.0,148063085,1,2074,,0
M10,head,seek75,video/x-msvideo,mpeg4part2,advanced-simple,1280x688,,ac3,6,4.258,mpeg4part2 → h264 (transcoded),ac3 → aac (transcoded),played,3517.5,27.26,,119.963829,0,0.0,3.9860580000000003,60.902609999999996,60.19822900000001,0,2877,501.79296875,820.83984375,,501.79296875,2.1209090595578854,42.806152360589024,1226963188,653458554,37718.676,0,True,,0.0,156481304,0,,3455,0
M11,origin,start,matroska,h264,high,1920x1080,,mpeg-audio,2,8.192,h264 copy,mpeg-audio → aac (transcoded) · loudness +8.95 dB,played,7156.300048828125,2.48,,119.959203,0,0.0,11.021613,62.41334499999999,61.54411300000001,0,2998,110.90625,788.34375,,110.90625,1.4483632633003716,2.8536204770977562,,,,0,True,,0.0,144935795,1,6818,,0
M11,origin,seek75,matroska,h264,high,1920x1080,,mpeg-audio,2,8.192,h264 copy,mpeg-audio → aac (transcoded) · loudness +8.95 dB,played,17441.5,1.85,,120.002606,0,0.0,6.402414000000002,56.980326999999996,63.10936600000001,0,3000,107.98828125,796.828125,,107.98828125,1.4569719123402933,2.7156577064330913,,,,0,True,,0.0,187746436,0,,11956,0
M11,head,start,matroska,h264,high,1920x1080,,mpeg-audio,2,8.192,h264 copy,mpeg-audio → aac (transcoded) · loudness +8.95 dB,played,1575.5,17.34,,119.959305,0,0.0,12.033046,62.892275,61.55233200000001,0,2998,198.00390625,766.2421875,,198.00390625,2.560521415270019,12.466376991516656,1055149722,1055149722,55550.475,0,True,,0.0,145219027,1,1254,,0
M11,head,seek75,matroska,h264,high,1920x1080,,mpeg-audio,2,8.192,h264 copy,mpeg-audio → aac (transcoded) · loudness +8.95 dB,played,9412.7001953125,16.15,,120.00079600000001,0,0.0,59.937027999999984,63.146375000000006,63.07793500000001,0,3000,195.37109375,790.43359375,,195.37109375,2.4742659103057054,11.621290756418436,2162466100,1107316378,60826.484,0,True,,0.0,188025824,0,,3919,0
M12,origin,start,mp4,vp9,0,640x480,,aac,2,0.369,copy · fmp4 segments,aac copy,played,1019.10009765625,430.43,,119.958707,0,0.0,33.52288,62.15614000000001,63.077461,240,3596,262.8359375,724.77734375,,262.8359375,0.2500193980567457,0.38796113491564005,,,,0,True,,6.674082313681868,9431640,1,750,,0
M12,origin,seek75,mp4,vp9,0,640x480,,aac,2,0.369,copy · fmp4 segments,aac copy,played,2096.2001953125,393.2,,120.00083,0,0.0,45.102799000000005,62.401273,63.632219000000006,263,3597,75.8515625,725.12890625,,75.8515625,0.12069589806369296,0.20690725382347364,,,,0,True,,7.311648596052266,9505094,0,,954,0
M12,head,start,mp4,vp9,0,640x480,,aac,2,0.369,copy · fmp4 segments,aac copy,played,1458.39990234375,334.71,,119.959148,0,0.0,14.905653,62.16376700000001,63.06664500000001,241,3596,245.96484375,803.28125,,245.96484375,2.0260192601150093,2.3794949608159253,178258080,178258080,50608.121,0,True,,6.701890989988876,9422235,1,1159,,0
M12,head,seek75,mp4,vp9,0,640x480,,aac,2,0.369,copy · fmp4 segments,aac copy,played,3131.89990234375,256.05,,120.00066,0,0.0,13.449399,62.399417000000014,63.65100700000001,263,3596,71.3671875,804.48046875,,71.3671875,0.250017242568453,0.3534726532864335,264047572,85789492,7887.749,0,True,,7.313681868743048,9504120,0,,2060,0
M13,origin,start,webm,vp9,0,1920x1080,,opus,2,2.709,copy · fmp4 segments,opus copy,interrupted,838.60009765625,10.16,,0.8352310000000001,0,0.0,6.373563,61.373563000000004,61.373563000000004,0,1,53.52734375,731.08984375,,53.52734375,1.1380683875640163,0.732847067749556,,,,120.00169995117187,False,PipelineStatus::PIPELINE_ERROR_DECODE: video decode error!,0.0,12158071,1,547,,0
M13,origin,seek75,webm,vp9,0,1920x1080,,opus,2,2.709,copy · fmp4 segments,opus copy,failed,,,,,,,,,,,,,,,,,,,,,,False,,,14125136,0,,5613,0
M13,head,start,webm,vp9,0,1920x1080,,opus,2,2.709,copy · fmp4 segments,opus copy,interrupted,1129.800048828125,35.32,,0.8337709999999999,0,0.0,13.795188,61.375188,61.375188,0,1,134.33984375,751.08984375,,134.33984375,0.9483249133575875,1.2328223873648636,426517297,426517297,31371.068,120.00280004882812,False,PipelineStatus::PIPELINE_ERROR_DECODE: video decode error!,0.0,13384019,1,850,,0
M13,head,seek75,webm,vp9,0,1920x1080,,opus,2,2.709,copy · fmp4 segments,opus copy,failed,,,,,,,,,,,,,,,,,,,,,,False,,,14060011,0,,2479,0
M14,origin,start,video/x-msvideo,mpeg4part2,,544x304,,mp3,2,0.933,mpeg4part2 → h264 (transcoded),mp3 copy,played,1150.10009765625,119.4,,119.960334,0,0.0,9.506295,60.967292000000015,60.001960999999994,0,3000,474.578125,692.43359375,,474.578125,0.37935612918800543,9.095925370303313,,,,0,True,,0.0,123887758,1,859,,0
M14,origin,seek75,video/x-msvideo,mpeg4part2,,544x304,,mp3,2,0.933,mpeg4part2 → h264 (transcoded),mp3 copy,played,6007,156.96,,120.00132199999999,0,0.0,59.98574400000001,60.988009000000005,61.795642000000015,0,3000,471.78515625,692.43359375,,471.78515625,0.13794054762397406,1.9225463825091387,,,,0,True,,0.0,103274496,0,,1726,0
M14,head,start,video/x-msvideo,mpeg4part2,,544x304,,mp3,2,0.933,mpeg4part2 → h264 (transcoded),mp3 copy,played,2776,76.26,,119.958501,0,0.0,8.466794,60.94776399999999,60.004293000000004,0,3000,464.73046875,759.12109375,,464.73046875,1.3191815900880317,11.476017623576276,241256812,241256812,18415.299,0,True,,0.0,123876633,1,2483,,0
M14,head,seek75,video/x-msvideo,mpeg4part2,,544x304,,mp3,2,0.933,mpeg4part2 → h264 (transcoded),mp3 copy,played,7424.5,88.27,,120.000589,0,0.0,59.968412000000015,60.970448000000005,61.792739,0,3000,462.1171875,760.3125,,462.1171875,0.698330042848152,2.646757075980033,435155218,193898406,14341.077,0,True,,0.0,103247467,0,,3137,0
M15,origin,start,video/x-msvideo,video/x-divx,simple,640x480,,mp3,2,1.743,video/x-divx → h264 (transcoded),mp3 copy,played,1362.2001953125,80.3,,119.960609,0,0.0,5.996256,60.95422000000001,60.20982499999998,0,3597,464.76953125,695.08203125,,464.76953125,0.6638446086334284,15.587416265055046,,,,0,True,,0.0,151687727,1,1060,,0
M15,origin,seek75,video/x-msvideo,video/x-divx,simple,640x480,,mp3,2,1.743,video/x-divx → h264 (transcoded),mp3 copy,played,16418.7001953125,6.39,,120.002398,0,0.0,42.396764000000005,60.91906300000001,60.532499,0,3597,404.11328125,697.578125,,404.11328125,1.3707841920132424,18.18228843368508,,,,0,True,,0.0,147033079,0,,12647,0
M15,head,start,video/x-msvideo,video/x-divx,simple,640x480,,mp3,2,1.743,video/x-divx → h264 (transcoded),mp3 copy,played,2354.900146484375,81.07,,119.958847,0,0.0,4.29452,60.95362900000001,60.211550999999986,0,3597,453.140625,761.5625,,453.140625,1.2588377306432144,15.571650284531815,350896456,350896456,13827.543,0,True,,0.0,151690277,1,2071,,0
M15,head,seek75,video/x-msvideo,video/x-divx,simple,640x480,,mp3,2,1.743,video/x-divx → h264 (transcoded),mp3 copy,played,6584.10009765625,80.46,,120.001532,0,0.0,59.942741,60.90193000000001,60.521116000000006,0,3596,468.72265625,778.55859375,,468.72265625,1.051787607872889,10.535118498530084,697598608,346702152,13211.869,0,True,,0.0,149416861,0,,2840,0
